Domain,Status,Attractiveness,Demand,Length,Sectors,Created,Expires,Registrar
second.hospital,available,120,23%,6,"General,Mathematics",,,
tenth.hospital,available,116,7%,5,Mathematics,,,
flat.hospital,available,116,24%,4,"Construction,Real Estate",,,
zero.hospital,available,112,49%,4,Mathematics,,,
eight.hospital,available,102,23%,5,"General,Mathematics",,,
crack.hospital,available,100,20%,5,Sports,,,
sixth.hospital,available,100,8%,5,Mathematics,,,
third.hospital,available,100,16%,5,Mathematics,,,
ninth.hospital,available,100,9%,5,Mathematics,,,
eighth.hospital,available,100,6%,6,Mathematics,,,
nought.hospital,available,92,4%,6,Mathematics,,,
twentieth.hospital,available,92,3%,9,Mathematics,,,
leash.hospital,available,90,7%,5,"General,Health and Fitness,Retail",,,
hundred.hospital,available,88,14%,7,Mathematics,,,
fifteen.hospital,available,88,13%,7,Mathematics,,,
ace.hospital,available,88,34%,3,Sports,,,
ten.hospital,available,88,28%,3,"General,Mathematics",,,
eleven.hospital,available,88,33%,6,Mathematics,,,
sixteen.hospital,available,88,11%,7,Mathematics,,,
three.hospital,available,88,24%,5,Mathematics,,,
twelve.hospital,available,88,18%,6,"General,Mathematics",,,
xix.hospital,available,86,11%,3,Mathematics,,,
xiv.hospital,available,86,12%,3,Mathematics,,,
seventeen.hospital,available,84,7%,9,Mathematics,,,
thirteen.hospital,available,84,10%,8,Mathematics,,,
twentytwo.hospital,available,84,11%,10,Mathematics,,,
twentyone.hospital,available,84,13%,10,Mathematics,,,
fourteen.hospital,available,84,8%,8,Mathematics,,,
thousand.hospital,available,84,8%,8,Mathematics,,,
nineteen.hospital,available,84,8%,8,Mathematics,,,
grand.hospital,available,84,25%,5,"Finance,General",,,
fivesome.hospital,available,82,1%,8,Sports,,,
decade.hospital,available,82,10%,6,Mathematics,,,
dozen.hospital,available,82,10%,5,Mathematics,,,
yard.hospital,available,80,26%,4,"Construction,General",,,
two.hospital,available,80,24%,3,Mathematics,,,
first.hospital,expiring,80,36%,5,"General,Mathematics",11/09/2024 11:25,11/09/2025 11:25,"GoDaddy.com, LLC"
trio.hospital,available,80,21%,4,Entertainment,,,
twenty.hospital,available,80,12%,6,Mathematics,,,
nine.hospital,available,80,24%,4,"General,Mathematics",,,
forty.hospital,available,80,9%,5,Mathematics,,,
seventh.hospital,available,80,10%,7,Mathematics,,,
twentysix.hospital,available,78,8%,10,Mathematics,,,
sixtynine.hospital,available,78,8%,10,Mathematics,,,
threed.hospital,available,76,7%,7,Technology,,,
nineteenth.hospital,available,76,3%,10,Mathematics,,,
hundredth.hospital,available,76,1%,9,Mathematics,,,
eighteen.hospital,available,76,7%,8,Mathematics,,,
fifteenth.hospital,available,76,2%,9,Mathematics,,,
firstrate.hospital,available,76,6%,10,Business,,,
fourteenth.hospital,available,76,1%,10,Mathematics,,,
thirteenth.hospital,available,76,4%,10,Mathematics,,,
thousandth.hospital,available,76,1%,10,Mathematics,,,
single.hospital,available,74,19%,6,Sports,,,
liv.hospital,available,72,27%,3,Mathematics,,,
sixtieth.hospital,available,72,1%,8,Mathematics,,,
eightieth.hospital,available,72,1%,9,Mathematics,,,
ninetieth.hospital,available,72,1%,9,Mathematics,,,
trey.hospital,available,72,14%,4,Sports,,,
trinity.hospital,available,72,18%,7,Religion,,,
ternary.hospital,available,72,7%,7,Mathematics,,,
seventieth.hospital,available,72,1%,10,Mathematics,,,
tiptop.hospital,available,70,24%,6,Fashion,,,
unity.hospital,available,70,40%,5,Mathematics,,,
octonary.hospital,available,68,1%,8,Mathematics,,,
fiftieth.hospital,available,68,0%,8,Mathematics,,,
ennead.hospital,available,68,5%,6,Mathematics,,,
foursome.hospital,available,68,4%,8,Sports,,,
thirtieth.hospital,available,68,1%,9,Mathematics,,,
septenary.hospital,available,68,1%,9,Mathematics,,,
ane.hospital,available,68,12%,3,Mathematics,,,
fortieth.hospital,available,68,0%,8,Mathematics,,,
threesome.hospital,available,68,5%,9,Entertainment,,,
sevener.hospital,available,68,1%,7,Mathematics,,,
acappella.hospital,available,66,6%,10,Entertainment,,,
onec.hospital,available,66,6%,5,Mathematics,,,
six.hospital,available,66,26%,3,Mathematics,,,
five.hospital,available,66,26%,4,Mathematics,,,
xvii.hospital,available,66,5%,4,Mathematics,,,
xviii.hospital,available,66,5%,5,Mathematics,,,
century.hospital,available,66,17%,7,Education,,,
thirty.hospital,available,66,8%,6,Mathematics,,,
clv.hospital,available,66,10%,3,Mathematics,,,
deuce.hospital,available,66,9%,5,Sports,,,
tenner.hospital,available,66,5%,6,Finance,,,
xii.hospital,available,66,10%,3,Mathematics,,,
xiii.hospital,available,66,9%,4,Mathematics,,,
xxv.hospital,available,66,6%,3,Mathematics,,,
xxi.hospital,available,66,10%,3,Mathematics,,,
latest.hospital,available,66,18%,6,Technology,,,
fifty.hospital,available,66,12%,5,Mathematics,,,
eighty.hospital,available,66,6%,6,Mathematics,,,
ninety.hospital,available,66,11%,6,Mathematics,,,
xvi.hospital,available,66,5%,3,Mathematics,,,
sextet.hospital,available,66,1%,6,Entertainment,,,
four.hospital,available,66,27%,4,Mathematics,,,
xxii.hospital,available,66,6%,4,Mathematics,,,
xxvi.hospital,available,66,3%,4,Mathematics,,,
eleventh.hospital,available,62,5%,8,Mathematics,,,
longdozen.hospital,available,62,2%,10,Mathematics,,,
quartet.hospital,available,62,7%,7,"Arts,Entertainment",,,
eighteenth.hospital,available,62,1%,10,Mathematics,,,
troika.hospital,available,62,8%,6,Politics,,,
fortyfour.hospital,available,62,6%,10,Mathematics,,,
twodozen.hospital,available,62,1%,9,Mathematics,,,
chiliad.hospital,available,62,2%,7,Mathematics,,,
sixteenth.hospital,available,62,1%,9,Mathematics,,,
cxv.hospital,available,60,4%,3,Mathematics,,,
tertiary.hospital,available,60,4%,8,Education,,,
clx.hospital,available,60,10%,3,Mathematics,,,
cxxxv.hospital,available,60,2%,5,Mathematics,,,
clxxv.hospital,available,60,1%,5,Mathematics,,,
clxxx.hospital,available,60,1%,5,Mathematics,,,
eightysix.hospital,available,60,7%,10,Mathematics,,,
cxlv.hospital,available,60,2%,4,Mathematics,,,
sixty.hospital,available,60,13%,5,Mathematics,,,
cxl.hospital,available,60,7%,3,Mathematics,,,
clxx.hospital,available,60,3%,4,Mathematics,,,
cxxx.hospital,available,60,4%,4,Mathematics,,,
clxv.hospital,available,60,1%,4,Mathematics,,,
cxx.hospital,available,60,10%,3,Mathematics,,,
thou.hospital,available,60,7%,4,Mathematics,,,
cxxv.hospital,available,60,1%,4,Mathematics,,,
xcl.hospital,available,60,5%,3,Mathematics,,,
seven.hospital,available,58,36%,5,Mathematics,,,
fifth.hospital,available,58,12%,5,Mathematics,,,
pentad.hospital,available,58,2%,6,Mathematics,,,
octad.hospital,available,58,5%,5,Mathematics,,,
cypher.hospital,available,58,29%,6,Mathematics,,,
heptad.hospital,available,58,1%,6,Mathematics,,,
twelfth.hospital,available,58,2%,7,Mathematics,,,
fourscore.hospital,available,58,4%,9,Mathematics,,,
hexad.hospital,available,58,4%,5,Mathematics,,,
lxxx.hospital,available,58,2%,4,Mathematics,,,
niner.hospital,available,58,5%,5,Mathematics,,,
sixer.hospital,available,58,5%,5,Sports,,,
sixtyone.hospital,available,58,3%,9,Mathematics,,,
eighter.hospital,available,58,2%,7,Mathematics,,,
seventy.hospital,available,58,7%,7,Mathematics,,,
fourth.hospital,available,58,13%,6,Mathematics,,,
alacarte.hospital,available,58,11%,10,Food and Beverage,,,
sextuplet.hospital,available,58,1%,9,Healthcare,,,
tetrad.hospital,available,58,5%,6,Mathematics,,,
centesimal.hospital,available,58,1%,10,Mathematics,,,
fortytwo.hospital,available,56,17%,9,Mathematics,,,
xlvii.hospital,available,56,2%,5,Mathematics,,,
halfdozen.hospital,available,56,1%,10,Mathematics,,,
xxxiii.hospital,available,56,2%,6,Mathematics,,,
xlvi.hospital,available,56,3%,4,Mathematics,,,
fiftynine.hospital,available,56,4%,10,Mathematics,,,
thirtysix.hospital,available,56,5%,10,Mathematics,,,
xlv.hospital,available,56,6%,3,Mathematics,,,
lvii.hospital,available,56,1%,4,Mathematics,,,
xliv.hospital,available,56,2%,4,Mathematics,,,
xlii.hospital,available,56,5%,4,Mathematics,,,
thirtyone.hospital,available,56,5%,10,Mathematics,,,
lii.hospital,available,56,7%,3,Mathematics,,,
xxiv.hospital,available,56,5%,4,Mathematics,,,
xxvii.hospital,available,56,3%,5,Mathematics,,,
xlviii.hospital,available,56,1%,6,Mathematics,,,
xxxvii.hospital,available,56,2%,6,Mathematics,,,
ilx.hospital,available,56,5%,3,Mathematics,,,
xxiii.hospital,available,56,5%,5,Mathematics,,,
liii.hospital,available,56,4%,4,Mathematics,,,
lviii.hospital,available,56,1%,5,Mathematics,,,
fiftyone.hospital,available,56,7%,9,Mathematics,,,
lvi.hospital,available,56,8%,3,Mathematics,,,
xxviii.hospital,available,56,1%,6,Mathematics,,,
xli.hospital,available,56,5%,3,Mathematics,,,
fiftysix.hospital,available,56,4%,9,Mathematics,,,
aone.hospital,available,56,15%,5,Food and Beverage,,,
xliii.hospital,available,56,1%,5,Mathematics,,,
xxxiv.hospital,available,56,1%,5,Mathematics,,,
fiftyfive.hospital,available,56,7%,10,Mathematics,,,
xxxii.hospital,available,56,1%,5,Mathematics,,,
xxxi.hospital,available,56,9%,4,Mathematics,,,
xxxviii.hospital,available,56,1%,7,Mathematics,,,
xxxv.hospital,available,56,4%,4,Mathematics,,,
fortyone.hospital,available,56,4%,9,Mathematics,,,
xxxvi.hospital,available,56,1%,5,Mathematics,,,
fortynine.hospital,available,56,3%,10,Mathematics,,,
thirtytwo.hospital,available,56,5%,10,Mathematics,,,
fortysix.hospital,available,56,3%,9,Mathematics,,,
xxix.hospital,available,56,4%,4,Mathematics,,,
fiftyfour.hospital,available,56,3%,10,Mathematics,,,
fiftytwo.hospital,available,56,6%,9,Mathematics,,,
quaternity.hospital,available,54,4%,10,Mathematics,,,
deuceace.hospital,available,54,2%,9,Sports,,,
viii.hospital,available,54,6%,4,Mathematics,,,
quatern.hospital,available,54,2%,7,Mathematics,,,
twoscore.hospital,available,54,2%,8,Mathematics,,,
topnotch.hospital,available,54,18%,8,Business,,,
quaternion.hospital,available,54,6%,10,Mathematics,,,
fortyfive.hospital,available,54,4%,10,Mathematics,,,
vii.hospital,available,54,13%,3,Mathematics,,,
threescore.hospital,available,54,1%,10,Mathematics,,,
lxxv.hospital,available,52,1%,4,Mathematics,,,
lxiii.hospital,available,52,2%,5,Mathematics,,,
lxxxiii.hospital,available,52,1%,7,Mathematics,,,
lxxxvii.hospital,available,52,1%,7,Mathematics,,,
sixtyfour.hospital,available,52,3%,10,Mathematics,,,
lxxxiv.hospital,available,52,1%,6,Mathematics,,,
lxxxv.hospital,available,52,1%,5,Mathematics,,,
lxxxii.hospital,available,52,1%,6,Mathematics,,,
lxi.hospital,available,52,5%,3,Mathematics,,,
ixc.hospital,available,52,5%,3,Mathematics,,,
xcv.hospital,available,52,7%,3,Mathematics,,,
lxvi.hospital,available,52,3%,4,Mathematics,,,
lxxi.hospital,available,52,1%,4,Mathematics,,,
xcvi.hospital,available,52,2%,4,Mathematics,,,
sixtysix.hospital,available,52,4%,9,Mathematics,,,
sixtytwo.hospital,available,52,3%,9,Mathematics,,,
xcviii.hospital,available,52,1%,6,Mathematics,,,
eightyone.hospital,available,52,3%,10,Mathematics,,,
ninetysix.hospital,available,52,4%,10,Mathematics,,,
lxv.hospital,available,52,5%,3,Mathematics,,,
xci.hospital,available,52,4%,3,Mathematics,,,
lxxiii.hospital,available,52,1%,6,Mathematics,,,
sixtyfive.hospital,available,52,3%,10,Mathematics,,,
lxxvi.hospital,available,52,1%,5,Mathematics,,,
lxxvii.hospital,available,52,2%,6,Mathematics,,,
lxvii.hospital,available,52,1%,5,Mathematics,,,
lxiv.hospital,available,52,3%,4,Mathematics,,,
ixl.hospital,available,52,9%,3,Mathematics,,,
lxii.hospital,available,52,1%,4,Mathematics,,,
xciii.hospital,available,52,1%,5,Mathematics,,,
eightytwo.hospital,available,52,4%,10,Mathematics,,,
xcvii.hospital,available,52,1%,5,Mathematics,,,
lxxxvi.hospital,available,52,1%,6,Mathematics,,,
xciv.hospital,available,52,2%,4,Mathematics,,,
lxxxi.hospital,available,52,1%,5,Mathematics,,,
lxxii.hospital,available,52,1%,5,Mathematics,,,
xcii.hospital,available,52,2%,4,Mathematics,,,
lxxiv.hospital,available,52,1%,5,Mathematics,,,
ninetyone.hospital,available,52,5%,10,Mathematics,,,
lxviii.hospital,available,52,1%,6,Mathematics,,,
ninetytwo.hospital,available,52,4%,10,Mathematics,,,
ogdoad.hospital,available,50,1%,6,Mathematics,,,
triplet.hospital,available,50,8%,7,Science,,,
cinque.hospital,available,50,7%,6,Mathematics,,,
lxx.hospital,available,50,5%,3,Mathematics,,,
lxxxviii.hospital,available,48,1%,8,Mathematics,,,
quaternary.hospital,available,46,3%,10,Mathematics,,,